Toronto Raptors,Kawhi Leonard,Kyle Lowry,Pascal Siakam,Danny Green,Serge Ibaka,
Philadelphia 76ers,Joel Embiid,Jimmy Butler,Robert Covington,Ben Simmons,J.J. Redick,
Boston Celtics,Kyrie Irving,Jayson Tatum,Al Horford,Jaylen Brown,Gordon Hayward,
Brooklyn Nets,Caris LeVert,Joe Harris,D'Angelo Russell,Spencer Dinwiddie,Jarrett Allen,
New York Knicks,Tim Hardaway Jr.,Enes Kanter,Damyean Dotson,Noah Vonleh,Emmanuel Mudiay,
Milwaukee Bucks,Giannis Antetokounmpo,Khris Middleton,Malcolm Brogdon,Eric Bledsoe,Brook Lopez,
Indiana Pacers,Victor Oladipo,Bojan Bogdanovic,Thaddeus Young,Darren Collison,Myles Turner,
Detroit Pistons,Blake Griffin,Andre Drummond,Reggie Jackson,Reggie Bullock,Langston Galloway,
Cleveland Cavaliers,Kevin Love,Cedi Osman,Tristan Thompson,Collin Sexton,Rodney Hood,
Chicago Bulls,Zach LaVine,Justin Holiday,Jabari Parker,Kris Dunn,Ryan Arcidiacono,
Charlotte Hornets,Kemba Walker,Nicolas Batum,Jeremy Lamb,Marvin Williams,Cody Zeller,
Orlando Magic,Aaron Gordon,Nikola Vucevic,Evan Fournier,D.J. Augustin,Terrence Ross,
Miami Heat,Josh Richardson,Rodney McGruder,Goran Dragic,Justise Winslow,Hassan Whiteside,
Washington Wizards,Bradley Beal,John Wall,Otto Porter,Markieff Morris,Dwight Howard,
Atlanta Hawks,Trae Young,Taurean Prince,John Collins,Kent Bazemore,DeAndre' Bembry,
Oklahoma City Thunder,Paul George,Russell Westbrook,Steven Adams,Jerami Grant,Dennis Schroder,
Denver Nuggets,Jamal Murray,Gary Harris,Nikola Jokic,Will Barton,Juan Hernangomez,
Portland Trail Blazers,Damian Lillard,CJ McCollum,Al-Farouq Aminu,Jusuf Nurkic,Evan Turner,
Minnesota Timberwolves,Robert Covington,Karl-Anthony Towns,Andrew Wiggins,Jeff Teague,Derrick Rose,
Utah Jazz,Donovan Mitchell,Joe Ingles,Rudy Gobert,Ricky Rubio,Jae Crowder,
Golden State Warriors,Kevin Durant,Klay Thompson,Stephen Curry,Draymond Green,Andre Iguodala,
Los Angeles Clippers,Tobias Harris,Danilo Gallinari,Avery Bradley,Shai Gilgeous-Alexander,Montrezl Harrell,
Los Angeles Lakers,LeBron James,Kyle Kuzma,Brandon Ingram,Lonzo Ball,Rajon Rondo,
Sacramento Kings,De'Aaron Fox,Buddy Hield,Willie Cauley-Stein,Bogdan Bogdanovic,Iman Shumpert,
Phoenix Suns,Devin Booker,Trevor Ariza,Deandre Ayton,T.J. Warren,Isaiah Canaan,
Memphis Grizzlies,Marc Gasol,Mike Conley,Garrett Temple,Kyle Anderson,Shelvin Mack,
Dallas Mavericks,Luka Doncic,Harrison Barnes,DeAndre Jordan,Wesley Matthews,Dennis Smith,
New Orleans Pelicans,Anthony Davis,Jrue Holiday,Nikola Mirotic,E'Twaun Moore,Julius Randle,
San Antonio Spurs,DeMar DeRozan,LaMarcus Aldridge,Rudy Gay,Bryn Forbes,Patty Mills,
Houston Rockets,James Harden,P.J. Tucker,Clint Capela,Chris Paul,Eric Gordon,
